id,transaction_event_id,transaction_type_id,transaction_name,amount,created_date,is_processed
1,1,3,Compra de Informática,4139.7191881479075,2023-08-13,False
2,2,3,Compra de Informática,3099.849151339342,2023-03-03,False
3,3,5,Compra de Acessórios,4006.9011970830243,2023-07-12,False
4,4,4,Estorno de Informática,-2316.136796758988,2023-06-03,True
5,5,3,Compra de Informática,4634.992174363485,2023-02-25,True
6,6,4,Estorno de Informática,-666.1341457143608,2023-04-26,True
7,7,3,Compra de Informática,2149.3119456688823,2023-07-28,True
8,8,5,Compra de Acessórios,4340.2147915959695,2023-12-10,False
9,9,4,Estorno de Informática,-3616.948736507565,2023-04-20,False
10,10,6,Estorno de Acessórios,-965.5855571633249,2023-06-02,True
11,11,5,Compra de Acessórios,3131.6074010964444,2023-02-06,True
12,12,4,Estorno de Informática,-2381.7007979784266,2023-01-11,True
13,13,4,Estorno de Informática,-987.3123084548512,2023-11-06,False
14,14,4,Estorno de Informática,-3694.9703176951757,2023-08-11,False
15,15,6,Estorno de Acessórios,-2308.4741183804767,2023-02-18,False
16,16,4,Estorno de Informática,-3838.663675797762,2023-02-07,True
17,17,5,Compra de Acessórios,3947.3072703191265,2023-12-03,False
18,18,3,Compra de Informática,3777.744494225997,2023-09-12,False
19,19,1,Compra de Eletrônicos,3443.392858216767,2023-01-16,True
20,20,3,Compra de Informática,1429.794915979789,2023-09-16,True
21,21,6,Estorno de Acessórios,-4774.280469721302,2023-11-26,True
22,22,5,Compra de Acessórios,3251.0353791606,2023-04-14,True
23,23,2,Estorno de Eletrônicos,-4516.6034997268025,2023-11-28,True
24,24,3,Compra de Informática,2798.529440285069,2023-08-12,True
25,25,4,Estorno de Informática,-3200.237360642287,2023-06-03,True
26,26,4,Estorno de Informática,-3417.245031300084,2023-02-11,True
27,27,4,Estorno de Informática,-2188.3006523517265,2023-07-03,False
28,28,5,Compra de Acessórios,2933.5839373480517,2023-01-26,False
29,29,1,Compra de Eletrônicos,1155.9552977136664,2023-11-16,True
30,30,2,Estorno de Eletrônicos,-4665.093654954969,2023-11-30,False
31,31,4,Estorno de Informática,-1565.5091416897938,2023-05-18,False
32,32,3,Compra de Informática,2142.818345750515,2024-01-01,True
33,33,4,Estorno de Informática,-1163.3307790834556,2023-10-06,False
34,34,5,Compra de Acessórios,3590.07180761416,2023-05-04,False
35,35,1,Compra de Eletrônicos,2528.928623449059,2023-07-23,True
36,36,6,Estorno de Acessórios,-91.91213274021021,2023-11-21,True
37,37,3,Compra de Informática,2461.081784668372,2023-07-05,False
38,38,4,Estorno de Informática,-1181.9680559157782,2023-08-12,False
39,39,1,Compra de Eletrônicos,1467.346259358765,2023-09-12,True
40,40,5,Compra de Acessórios,4276.610824090632,2023-09-11,True
41,41,1,Compra de Eletrônicos,752.1802560994234,2023-03-06,False
42,42,5,Compra de Acessórios,2481.678918559215,2023-07-25,True
43,43,5,Compra de Acessórios,2327.1600745471396,2023-11-23,False
44,44,1,Compra de Eletrônicos,4016.647570719537,2023-01-03,True
45,45,5,Compra de Acessórios,3107.682130315461,2023-04-04,False
46,46,2,Estorno de Eletrônicos,-2649.5050612603686,2023-02-18,True
47,47,6,Estorno de Acessórios,-329.08543928613744,2023-11-06,False
48,48,3,Compra de Informática,3835.7206435942044,2023-09-06,False
49,49,2,Estorno de Eletrônicos,-156.71440326438855,2023-07-11,True
50,50,4,Estorno de Informática,-3060.455613612357,2023-12-23,True
51,51,3,Compra de Informática,2703.381386562152,2023-06-07,True
52,52,5,Compra de Acessórios,269.9553582814001,2023-04-22,False
53,53,5,Compra de Acessórios,919.4887543320515,2023-04-26,True
54,54,4,Estorno de Informática,-3865.0114884051486,2023-03-14,False
55,55,4,Estorno de Informática,-1343.2029335457141,2023-10-03,False
56,56,4,Estorno de Informática,-2256.2763143432485,2023-10-08,True
57,57,3,Compra de Informática,4953.829433377404,2023-02-18,True
58,58,5,Compra de Acessórios,3644.5663999732346,2023-12-10,True
59,59,1,Compra de Eletrônicos,4404.56518290683,2023-10-21,False
60,60,5,Compra de Acessórios,1788.1460559894106,2023-04-21,False
61,61,3,Compra de Informática,2216.4836647097454,2023-09-04,True
62,62,4,Estorno de Informática,-604.6703420308659,2023-10-15,False
63,63,1,Compra de Eletrônicos,1921.7586401945184,2023-11-13,True
64,64,5,Compra de Acessórios,4596.550221538713,2023-10-12,False
65,65,3,Compra de Informática,3887.40033094023,2023-07-05,True
66,66,6,Estorno de Acessórios,-1231.9217219312006,2023-07-31,True
67,67,3,Compra de Informática,959.8980668934151,2023-10-23,True
68,68,4,Estorno de Informática,-2437.7668897256062,2023-11-15,False
69,69,5,Compra de Acessórios,2741.0682335991696,2023-09-17,True
70,70,4,Estorno de Informática,-3540.822468577588,2023-10-10,True
71,71,6,Estorno de Acessórios,-4073.983826148853,2023-03-13,False
72,72,1,Compra de Eletrônicos,4722.397953561453,2023-05-10,False
73,73,3,Compra de Informática,1495.3399628074176,2023-01-21,False
74,74,2,Estorno de Eletrônicos,-619.9918176541496,2023-09-15,True
75,75,2,Estorno de Eletrônicos,-1330.9198509368543,2023-06-14,True
76,76,4,Estorno de Informática,-4994.262460370751,2023-01-17,False
77,77,1,Compra de Eletrônicos,3096.232666421335,2023-01-04,True
78,78,6,Estorno de Acessórios,-1352.0732189018363,2023-09-02,True
79,79,3,Compra de Informática,3724.658859296255,2023-10-04,False
80,80,3,Compra de Informática,1546.3508418401607,2023-01-24,True
81,81,1,Compra de Eletrônicos,4257.107935374897,2023-08-03,True
82,82,4,Estorno de Informática,-4331.991966212559,2023-07-06,False
83,83,4,Estorno de Informática,-3582.211615876137,2023-09-02,True
84,84,3,Compra de Informática,99.19838133284662,2023-04-04,False
85,85,1,Compra de Eletrônicos,4646.3172262528315,2023-05-06,False
86,86,3,Compra de Informática,4972.9406392545625,2023-05-26,True
87,87,5,Compra de Acessórios,209.20176767085198,2023-07-02,False
88,88,2,Estorno de Eletrônicos,-2624.7515333722113,2023-09-25,True
89,89,5,Compra de Acessórios,4721.108944486013,2023-02-09,False
90,90,3,Compra de Informática,739.3201219831503,2023-05-14,True
91,91,3,Compra de Informática,4191.226523517714,2023-10-26,True
92,92,6,Estorno de Acessórios,-4513.896625935801,2023-09-16,False
93,93,3,Compra de Informática,620.0550695304943,2023-01-13,True
94,94,6,Estorno de Acessórios,-608.1386582065992,2023-10-07,True
95,95,3,Compra de Informática,1808.2607128994514,2023-07-07,True
96,96,4,Estorno de Informática,-1943.9525463737855,2023-02-27,True
97,97,2,Estorno de Eletrônicos,-1297.5840399274712,2023-05-09,False
98,98,6,Estorno de Acessórios,-3679.5271772859132,2023-02-01,False
99,99,3,Compra de Informática,4743.078421867603,2023-09-25,False
100,100,3,Compra de Informática,4898.008264168977,2023-01-14,False
101,101,3,Compra de Informática,1795.5437305673547,2023-01-30,True
102,102,3,Compra de Informática,4016.7239406779863,2023-03-10,True
103,103,2,Estorno de Eletrônicos,-3578.0346417237056,2023-07-08,True
104,104,5,Compra de Acessórios,3324.40905453688,2023-04-07,False
105,105,4,Estorno de Informática,-2282.9667232902875,2023-02-17,True
106,106,6,Estorno de Acessórios,-4481.860621472317,2023-10-27,False
107,107,5,Compra de Acessórios,1686.7470480981438,2023-12-27,False
108,108,3,Compra de Informática,136.4227226475524,2023-04-08,False
109,109,4,Estorno de Informática,-3862.3175683594964,2023-08-22,False
110,110,1,Compra de Eletrônicos,4029.318832335239,2023-07-22,True
111,111,4,Estorno de Informática,-3343.1765607251473,2023-10-22,True
112,112,6,Estorno de Acessórios,-3955.7434766957385,2023-05-19,True
113,113,4,Estorno de Informática,-4205.059248856331,2023-03-02,False
114,114,5,Compra de Acessórios,4361.951387540542,2023-07-23,False
115,115,5,Compra de Acessórios,1682.2329320552915,2023-12-29,False
116,116,3,Compra de Informática,4839.7512496638665,2023-02-04,True
117,117,6,Estorno de Acessórios,-3855.994048572422,2023-03-25,False
118,118,6,Estorno de Acessórios,-637.2220624912285,2023-03-15,False
119,119,1,Compra de Eletrônicos,4411.440395402846,2023-03-09,False
120,120,3,Compra de Informática,3489.8435839550857,2023-06-08,False
121,121,4,Estorno de Informática,-140.3084936436499,2023-04-24,False
122,122,4,Estorno de Informática,-2865.129912642132,2023-07-20,True
123,123,3,Compra de Informática,366.35799150979386,2023-01-10,False
124,124,4,Estorno de Informática,-527.9733370204854,2023-10-09,True
125,125,4,Estorno de Informática,-374.3832095771637,2023-01-08,True
126,126,5,Compra de Acessórios,4567.983611976052,2023-01-06,True
127,127,3,Compra de Informática,4779.858977677931,2023-07-24,False
128,128,3,Compra de Informática,1185.0478550140926,2023-05-07,True
129,129,4,Estorno de Informática,-323.6629892044563,2023-04-23,False
130,130,2,Estorno de Eletrônicos,-4027.458116231731,2023-02-06,False
131,131,6,Estorno de Acessórios,-4925.522960801029,2023-04-24,True
132,132,6,Estorno de Acessórios,-3475.6211213426595,2023-01-03,True
133,133,6,Estorno de Acessórios,-3491.6584098508442,2023-06-20,False
134,134,4,Estorno de Informática,-4756.482711513835,2023-12-14,False
135,135,3,Compra de Informática,4660.287413568609,2023-08-21,True
136,136,3,Compra de Informática,354.95297463846214,2023-02-02,True
137,137,4,Estorno de Informática,-2747.867135594673,2023-08-19,False
138,138,4,Estorno de Informática,-3095.0339609627026,2023-05-14,False
139,139,3,Compra de Informática,2495.314682046955,2023-12-09,False
140,140,3,Compra de Informática,3524.9507675280847,2023-05-21,True
141,141,4,Estorno de Informática,-2745.276715065115,2023-11-30,True
142,142,5,Compra de Acessórios,2295.3459532830207,2023-10-03,True
143,143,4,Estorno de Informática,-3699.920440035415,2023-10-13,True
144,144,6,Estorno de Acessórios,-4027.1697479092486,2023-10-13,False
145,145,3,Compra de Informática,3113.921386803502,2023-03-29,False
146,146,2,Estorno de Eletrônicos,-409.8268022301202,2023-08-20,True
147,147,6,Estorno de Acessórios,-137.23888325268186,2023-10-15,True
148,148,3,Compra de Informática,1110.951070383297,2023-11-14,True
149,149,2,Estorno de Eletrônicos,-3740.1119800582114,2023-07-04,True
150,150,6,Estorno de Acessórios,-2676.409862093278,2023-11-05,True
151,151,6,Estorno de Acessórios,-3151.7251419856584,2023-08-09,True
152,152,2,Estorno de Eletrônicos,-1627.5025607728219,2023-07-20,False
153,153,2,Estorno de Eletrônicos,-4999.720201895089,2023-08-08,True
154,154,4,Estorno de Informática,-2876.489210557689,2023-11-25,True
155,155,6,Estorno de Acessórios,-1976.7958961103016,2023-02-25,True
156,156,2,Estorno de Eletrônicos,-2811.3989988925914,2023-11-27,True
157,157,2,Estorno de Eletrônicos,-4843.084613063441,2023-02-07,True
158,158,1,Compra de Eletrônicos,3809.119812602615,2023-09-11,True
159,159,4,Estorno de Informática,-4657.82519966458,2023-02-16,True
160,160,5,Compra de Acessórios,182.03626792382246,2023-01-30,False
161,161,6,Estorno de Acessórios,-4481.534148457379,2023-06-20,True
162,162,3,Compra de Informática,2197.638379722333,2023-02-09,False
163,163,1,Compra de Eletrônicos,3100.1238605793633,2023-08-21,False
164,164,5,Compra de Acessórios,4798.911861475159,2023-02-27,False
165,165,3,Compra de Informática,4351.614168797938,2023-02-25,True
166,166,2,Estorno de Eletrônicos,-3995.950875914315,2023-07-23,True
167,167,3,Compra de Informática,2949.252326189061,2023-08-25,False
168,168,4,Estorno de Informática,-1303.6354035407464,2023-11-25,False
169,169,2,Estorno de Eletrônicos,-3989.561804437549,2023-08-16,True
170,170,6,Estorno de Acessórios,-4425.282205877497,2023-05-27,True
171,171,2,Estorno de Eletrônicos,-2842.9075192381315,2023-08-29,True
172,172,2,Estorno de Eletrônicos,-3736.6020353633794,2023-05-08,True
173,173,6,Estorno de Acessórios,-4330.968857017904,2023-12-19,True
174,174,5,Compra de Acessórios,1860.043876984159,2023-03-29,False
175,175,3,Compra de Informática,3749.214220044277,2023-04-27,True
176,176,2,Estorno de Eletrônicos,-1899.38898366259,2023-05-22,False
177,177,3,Compra de Informática,2645.7658308353493,2023-10-08,True
178,178,2,Estorno de Eletrônicos,-3803.1438330573046,2023-03-14,True
179,179,6,Estorno de Acessórios,-3199.3677391219785,2023-04-19,True
180,180,3,Compra de Informática,1234.242819165303,2023-03-27,True
181,181,6,Estorno de Acessórios,-2103.703012737155,2023-02-06,True
182,182,3,Compra de Informática,4687.085436848127,2023-06-13,False
183,183,2,Estorno de Eletrônicos,-2021.935182073793,2023-12-16,True
184,184,1,Compra de Eletrônicos,2405.0323079964046,2023-06-25,True
185,185,6,Estorno de Acessórios,-879.9165661858838,2023-08-11,True
186,186,3,Compra de Informática,3320.734036948814,2023-12-20,True
187,187,4,Estorno de Informática,-431.87540465035323,2023-01-15,False
188,188,4,Estorno de Informática,-2131.709548595246,2023-07-10,True
189,189,4,Estorno de Informática,-4818.493416247155,2023-01-08,False
190,190,6,Estorno de Acessórios,-170.16923566954645,2023-11-28,False
191,191,5,Compra de Acessórios,859.7434297830243,2023-09-24,True
192,192,5,Compra de Acessórios,135.231345970027,2023-02-21,False
193,193,4,Estorno de Informática,-3729.1653649918794,2023-06-11,True
194,194,2,Estorno de Eletrônicos,-2432.948790074487,2023-06-30,True
195,195,1,Compra de Eletrônicos,2206.624880019087,2023-09-26,False
196,196,4,Estorno de Informática,-4821.601093304375,2023-10-31,True
197,197,6,Estorno de Acessórios,-4608.10386863709,2023-04-30,False
198,198,1,Compra de Eletrônicos,2275.4958883958125,2023-09-16,False
199,199,5,Compra de Acessórios,4851.519306405122,2023-01-04,False
200,200,4,Estorno de Informática,-4689.553276083497,2023-04-25,False
201,201,5,Compra de Acessórios,2295.8368207318363,2023-07-14,True
202,202,1,Compra de Eletrônicos,3872.7483773091385,2023-11-18,False
203,203,3,Compra de Informática,2129.4844385164224,2023-11-12,False
204,204,4,Estorno de Informática,-1506.9022586928022,2023-03-25,True
205,205,5,Compra de Acessórios,57.2903919843846,2023-08-12,True
206,206,4,Estorno de Informática,-867.6829689347843,2023-07-15,True
207,207,5,Compra de Acessórios,2794.168435705899,2023-08-12,False
208,208,6,Estorno de Acessórios,-815.2459543068742,2023-12-05,False
209,209,4,Estorno de Informática,-3440.2081492298257,2023-11-04,True
210,210,4,Estorno de Informática,-4325.514832665797,2023-09-05,False
211,211,6,Estorno de Acessórios,-2940.433905763287,2023-07-26,False
212,212,3,Compra de Informática,3798.519421560305,2023-05-15,False
213,213,4,Estorno de Informática,-2111.528404601683,2023-07-03,False
214,214,6,Estorno de Acessórios,-4944.862872604032,2023-03-30,True
215,215,5,Compra de Acessórios,4404.997467133445,2023-01-16,True
216,216,5,Compra de Acessórios,1635.2953894338189,2023-04-08,True
217,217,1,Compra de Eletrônicos,4752.597314745805,2023-12-22,True
218,218,3,Compra de Informática,1869.618066375499,2023-09-23,False
219,219,4,Estorno de Informática,-1454.7775812078735,2023-10-31,False
220,220,1,Compra de Eletrônicos,4756.533073227808,2023-03-09,False
221,221,2,Estorno de Eletrônicos,-3751.215257950114,2023-07-16,False
222,222,6,Estorno de Acessórios,-4250.286041140886,2023-12-21,True
223,223,4,Estorno de Informática,-1375.7897407145965,2023-07-31,True
224,224,5,Compra de Acessórios,4713.659246776605,2023-04-23,False
225,225,6,Estorno de Acessórios,-3183.780562043452,2023-06-02,False
226,226,6,Estorno de Acessórios,-83.29000183337716,2023-05-21,False
227,227,4,Estorno de Informática,-2251.887331240033,2023-12-23,True
228,228,3,Compra de Informática,2820.8603444270993,2023-02-09,True
229,229,6,Estorno de Acessórios,-1573.6270211515637,2023-12-10,True
230,230,3,Compra de Informática,4795.325486981568,2023-04-19,False
231,231,3,Compra de Informática,4638.940946108916,2023-10-21,True
232,232,3,Compra de Informática,791.4576911561435,2023-07-27,False
233,233,4,Estorno de Informática,-3260.005656265541,2023-04-05,True
234,234,6,Estorno de Acessórios,-2878.5938192178196,2023-05-06,False
235,235,5,Compra de Acessórios,462.0969241919375,2023-10-21,True
236,236,1,Compra de Eletrônicos,1778.0728662766398,2023-08-27,False
237,237,3,Compra de Informática,2651.8706452207,2023-06-22,True
238,238,6,Estorno de Acessórios,-1585.9358391888989,2023-11-13,True
239,239,3,Compra de Informática,166.009230723501,2023-06-22,False
240,240,2,Estorno de Eletrônicos,-4473.652168183286,2023-12-14,False
241,241,3,Compra de Informática,1530.8898775171765,2023-04-26,False
242,242,5,Compra de Acessórios,1507.151536493199,2023-10-17,True
243,243,4,Estorno de Informática,-3734.6388224583916,2023-07-20,True
244,244,5,Compra de Acessórios,2226.195872361908,2023-10-24,False
245,245,6,Estorno de Acessórios,-4375.118834512293,2023-01-28,True
246,246,1,Compra de Eletrônicos,3901.669039125035,2023-06-01,False
247,247,6,Estorno de Acessórios,-335.30995832868865,2023-11-14,False
248,248,2,Estorno de Eletrônicos,-701.3616585221049,2023-11-01,False
249,249,5,Compra de Acessórios,1146.528113466845,2023-09-07,True
250,250,5,Compra de Acessórios,1516.4453056104533,2023-06-20,False
251,251,3,Compra de Informática,1326.96098219963,2023-01-09,True
252,252,2,Estorno de Eletrônicos,-518.4655039058413,2023-06-11,True
253,253,3,Compra de Informática,3441.025542914176,2023-04-24,False
254,254,4,Estorno de Informática,-442.60055575664734,2023-03-18,False
255,255,5,Compra de Acessórios,2886.939063244531,2023-10-19,False
256,256,5,Compra de Acessórios,227.1894616109589,2023-12-15,True
257,257,5,Compra de Acessórios,1098.9657955314774,2023-11-27,True
258,258,5,Compra de Acessórios,3554.126727224875,2023-08-22,True
259,259,1,Compra de Eletrônicos,1097.0009507043842,2023-07-19,True
260,260,4,Estorno de Informática,-357.9061119991664,2023-12-18,True
261,261,4,Estorno de Informática,-4324.65217654561,2023-08-20,True
262,262,5,Compra de Acessórios,117.37079189028401,2023-03-27,True
263,263,3,Compra de Informática,3206.8774414159907,2023-06-28,True
264,264,3,Compra de Informática,1133.6562481925544,2023-09-11,True
265,265,3,Compra de Informática,2817.0375145214675,2023-03-16,True
266,266,5,Compra de Acessórios,475.7219569306659,2023-12-15,False
267,267,4,Estorno de Informática,-2107.306322600709,2023-08-10,False
268,268,2,Estorno de Eletrônicos,-3091.741429645135,2023-04-05,False
269,269,4,Estorno de Informática,-1698.3006136040378,2023-07-29,False
270,270,5,Compra de Acessórios,4611.828873479334,2023-08-11,True
271,271,5,Compra de Acessórios,813.1445811736373,2023-03-20,False
272,272,3,Compra de Informática,1659.0016596087642,2023-07-18,True
273,273,2,Estorno de Eletrônicos,-523.812521330568,2023-02-03,True
274,274,4,Estorno de Informática,-4976.718547881429,2023-03-13,True
275,275,4,Estorno de Informática,-2149.8711990402367,2023-03-01,True
276,276,4,Estorno de Informática,-484.84374255335916,2023-10-17,False
277,277,6,Estorno de Acessórios,-670.3999427863012,2023-05-15,True
278,278,3,Compra de Informática,488.15002263572023,2023-04-27,True
279,279,4,Estorno de Informática,-1977.9092717908663,2023-10-18,True
280,280,2,Estorno de Eletrônicos,-2857.133266040935,2023-05-29,False
281,281,4,Estorno de Informática,-524.3758522914211,2023-04-09,True
282,282,4,Estorno de Informática,-2830.856979192212,2023-02-20,True
283,283,2,Estorno de Eletrônicos,-2866.393648956081,2023-04-23,False
284,284,2,Estorno de Eletrônicos,-474.71062783891676,2023-07-02,False
285,285,3,Compra de Informática,99.128714255626,2023-01-03,False
286,286,5,Compra de Acessórios,3376.192881350059,2023-02-01,True
287,287,6,Estorno de Acessórios,-3679.4046189393666,2023-02-21,True
288,288,6,Estorno de Acessórios,-1317.4245499450897,2023-09-02,False
289,289,6,Estorno de Acessórios,-4156.140983637735,2023-07-16,False
290,290,1,Compra de Eletrônicos,4319.157574308878,2023-09-01,False
291,291,2,Estorno de Eletrônicos,-2208.0147876641654,2023-01-28,True
292,292,2,Estorno de Eletrônicos,-3328.14799525113,2023-12-25,False
293,293,4,Estorno de Informática,-585.8630274853527,2023-05-15,True
294,294,3,Compra de Informática,3378.1941168392077,2023-02-25,True
295,295,3,Compra de Informática,4082.2874372357824,2023-09-05,True
296,296,4,Estorno de Informática,-3545.4126371295347,2023-07-20,False
297,297,6,Estorno de Acessórios,-2472.738189686189,2023-10-26,False
298,298,3,Compra de Informática,3304.24959633743,2023-10-29,True
299,299,3,Compra de Informática,320.0264649319903,2023-07-25,False
300,300,5,Compra de Acessórios,3298.634295157623,2023-11-08,True
301,301,5,Compra de Acessórios,1042.0002861581775,2023-11-10,False
302,302,1,Compra de Eletrônicos,522.1905221640022,2023-01-23,True
303,303,3,Compra de Informática,341.937373990105,2023-12-29,True
304,304,2,Estorno de Eletrônicos,-4466.191539390425,2023-11-18,True
305,305,4,Estorno de Informática,-2994.080246110555,2023-06-06,True
306,306,4,Estorno de Informática,-1107.7934034992272,2023-07-07,False
307,307,5,Compra de Acessórios,4174.182872902762,2023-05-07,False
308,308,6,Estorno de Acessórios,-2375.256778895918,2023-04-02,False
309,309,3,Compra de Informática,1481.3770771490422,2023-10-04,True
310,310,6,Estorno de Acessórios,-3288.327976940424,2023-08-16,True
311,311,2,Estorno de Eletrônicos,-2804.0310702020215,2023-02-21,False
312,312,6,Estorno de Acessórios,-2613.5886990500835,2023-10-03,False
313,313,1,Compra de Eletrônicos,3692.6484127650597,2023-03-25,False
314,314,2,Estorno de Eletrônicos,-3517.272162281185,2023-03-22,False
315,315,4,Estorno de Informática,-1719.909786661023,2023-01-02,True
316,316,4,Estorno de Informática,-4127.075170919254,2023-11-20,False
317,317,3,Compra de Informática,3532.1812344386326,2023-08-29,True
318,318,4,Estorno de Informática,-1524.4199093887878,2023-06-27,False
319,319,5,Compra de Acessórios,949.6754236610657,2023-12-31,False
320,320,3,Compra de Informática,1195.6237627043677,2023-02-09,True
321,321,5,Compra de Acessórios,2836.362660491194,2023-07-29,False
322,322,2,Estorno de Eletrônicos,-2869.3790148359567,2023-10-03,False
323,323,5,Compra de Acessórios,376.120438405497,2023-05-30,True
324,324,3,Compra de Informática,317.3849261953168,2023-05-02,False
325,325,6,Estorno de Acessórios,-1395.0178719388985,2023-03-08,True
326,326,4,Estorno de Informática,-3654.784084771611,2023-02-22,False
327,327,5,Compra de Acessórios,890.9673751383357,2023-02-11,False
328,328,4,Estorno de Informática,-1722.718208920088,2023-12-02,True
329,329,6,Estorno de Acessórios,-1811.5280551908509,2023-08-19,True
330,330,5,Compra de Acessórios,451.32249294713733,2023-02-08,False
331,331,1,Compra de Eletrônicos,1089.2669536559592,2023-11-15,True
332,332,5,Compra de Acessórios,3339.6905906013035,2023-08-04,False
333,333,2,Estorno de Eletrônicos,-443.24719677419944,2023-06-13,False
334,334,5,Compra de Acessórios,2518.4463793345635,2023-09-17,False
335,335,1,Compra de Eletrônicos,1151.4244229280764,2023-04-18,True
336,336,1,Compra de Eletrônicos,1321.0938938166546,2023-11-01,True
337,337,6,Estorno de Acessórios,-4996.100825496739,2023-12-06,True
338,338,4,Estorno de Informática,-3069.805043240784,2023-07-10,True
339,339,4,Estorno de Informática,-3650.1419683522877,2023-08-08,True
340,340,4,Estorno de Informática,-1584.391005279596,2023-06-07,False
341,341,5,Compra de Acessórios,339.84323951245676,2023-07-13,True
342,342,3,Compra de Informática,1464.4458042718527,2023-05-05,True
343,343,1,Compra de Eletrônicos,1722.3582623404309,2023-10-30,False
344,344,5,Compra de Acessórios,384.84373483159203,2023-08-05,True
345,345,4,Estorno de Informática,-3241.3889248973637,2023-09-15,False
346,346,2,Estorno de Eletrônicos,-4809.379887268482,2023-12-23,True
347,347,5,Compra de Acessórios,61.10189282444176,2023-09-14,True
348,348,4,Estorno de Informática,-520.4628233319645,2023-10-03,True
349,349,2,Estorno de Eletrônicos,-1129.039681450641,2023-02-01,True
350,350,4,Estorno de Informática,-1388.7960848108598,2023-06-25,True
351,351,5,Compra de Acessórios,3494.3921805673554,2023-12-29,True
352,352,1,Compra de Eletrônicos,3120.951530685429,2023-04-19,False
353,353,6,Estorno de Acessórios,-2545.632800194241,2023-08-06,True
354,354,2,Estorno de Eletrônicos,-3396.021494547917,2023-07-03,False
355,355,3,Compra de Informática,4043.7790484734796,2023-09-16,True
356,356,3,Compra de Informática,758.2510206874034,2023-08-16,False
357,357,3,Compra de Informática,1062.3439597367123,2023-06-04,False
358,358,4,Estorno de Informática,-3125.859004908015,2023-05-02,False
359,359,6,Estorno de Acessórios,-3456.496458845287,2023-12-16,False
360,360,5,Compra de Acessórios,4930.324691029101,2023-07-11,True
361,361,3,Compra de Informática,4672.971172014892,2023-07-07,True
362,362,5,Compra de Acessórios,3669.0346529961785,2023-11-30,True
363,363,4,Estorno de Informática,-4719.015361993732,2023-11-30,True
364,364,4,Estorno de Informática,-2840.616908714848,2023-04-09,True
365,365,5,Compra de Acessórios,4283.42533260492,2023-02-04,False
366,366,1,Compra de Eletrônicos,2971.1641657418745,2023-03-28,True
367,367,3,Compra de Informática,1397.1820870780964,2023-05-30,False
368,368,5,Compra de Acessórios,2866.472983864471,2023-01-07,False
369,369,3,Compra de Informática,2447.0968699359696,2023-07-11,False
370,370,3,Compra de Informática,3715.3773126064907,2023-03-23,True
371,371,6,Estorno de Acessórios,-4970.949627719982,2023-01-14,True
372,372,4,Estorno de Informática,-3803.47475278952,2023-12-13,True
373,373,6,Estorno de Acessórios,-4275.260159987175,2023-12-18,True
374,374,5,Compra de Acessórios,4123.550025161556,2023-02-20,False
375,375,4,Estorno de Informática,-408.16878118521146,2023-10-19,False
376,376,5,Compra de Acessórios,468.5098518860768,2023-12-05,True
377,377,1,Compra de Eletrônicos,1720.2152179529214,2023-05-08,True
378,378,3,Compra de Informática,3086.694670696033,2023-10-07,True
379,379,3,Compra de Informática,4249.8626932933785,2023-08-06,True
380,380,5,Compra de Acessórios,1725.6441639947088,2023-07-19,True
381,381,5,Compra de Acessórios,2303.9448505749037,2023-10-27,False
382,382,5,Compra de Acessórios,1694.294863818795,2023-11-19,True
383,383,2,Estorno de Eletrônicos,-1554.6854013988434,2023-11-10,True
384,384,5,Compra de Acessórios,4885.216766805139,2023-07-26,False
385,385,1,Compra de Eletrônicos,4004.9165246710327,2023-01-05,True
386,386,2,Estorno de Eletrônicos,-2328.6458390279654,2023-12-29,False
387,387,4,Estorno de Informática,-551.635689153889,2023-02-25,False
388,388,4,Estorno de Informática,-3981.266224214948,2023-11-21,True
389,389,5,Compra de Acessórios,4134.2167696317465,2023-10-06,False
390,390,3,Compra de Informática,326.78003051147545,2023-02-14,False
391,391,6,Estorno de Acessórios,-1079.5857706748363,2023-09-18,True
392,392,3,Compra de Informática,4566.571639951058,2023-07-01,False
393,393,3,Compra de Informática,4502.846524481249,2023-03-13,False
394,394,1,Compra de Eletrônicos,4709.459032106355,2023-11-26,True
395,395,3,Compra de Informática,4027.232950497252,2023-03-10,True
396,396,4,Estorno de Informática,-381.3446062368603,2023-03-07,False
397,397,4,Estorno de Informática,-939.043137385028,2023-10-26,True
398,398,3,Compra de Informática,2645.4309947902434,2023-08-23,False
399,399,1,Compra de Eletrônicos,3141.6978272511014,2023-04-02,True
400,400,5,Compra de Acessórios,3643.823868808451,2023-02-18,False
401,401,4,Estorno de Informática,-643.2689031175814,2023-06-02,True
402,402,2,Estorno de Eletrônicos,-3291.7862622740977,2023-01-11,False
403,403,6,Estorno de Acessórios,-108.86641311077614,2023-01-18,False
404,404,3,Compra de Informática,447.815963322021,2023-06-01,True
405,405,5,Compra de Acessórios,1868.2384924355204,2023-09-22,False
406,406,3,Compra de Informática,1689.3274560869888,2023-03-27,True
407,407,3,Compra de Informática,1748.0100203241147,2023-02-21,False
408,408,5,Compra de Acessórios,4857.965611005003,2023-10-28,False
409,409,4,Estorno de Informática,-954.7122867512537,2023-08-26,True
410,410,4,Estorno de Informática,-3193.5847417702985,2023-07-01,True
411,411,4,Estorno de Informática,-2939.1465849939964,2023-07-07,False
412,412,6,Estorno de Acessórios,-1805.301983657573,2023-11-18,False
413,413,4,Estorno de Informática,-3042.692586531175,2023-05-22,True
414,414,4,Estorno de Informática,-776.3418998060814,2023-07-01,True
415,415,6,Estorno de Acessórios,-1485.4355750880325,2023-11-24,False
416,416,5,Compra de Acessórios,2350.949380766476,2023-12-06,False
417,417,4,Estorno de Informática,-3713.326774185231,2023-08-03,True
418,418,2,Estorno de Eletrônicos,-197.60980852107969,2023-11-11,True
419,419,5,Compra de Acessórios,246.21565918448297,2023-12-28,False
420,420,2,Estorno de Eletrônicos,-1953.679037849358,2023-06-14,True
421,421,1,Compra de Eletrônicos,470.48250008762705,2023-08-27,True
422,422,4,Estorno de Informática,-1752.6534939598037,2023-05-26,False
423,423,6,Estorno de Acessórios,-3579.2592602558652,2023-04-06,False
424,424,2,Estorno de Eletrônicos,-4099.587729277626,2023-10-30,True
425,425,1,Compra de Eletrônicos,2814.6476575473184,2023-08-11,True
426,426,2,Estorno de Eletrônicos,-343.2122784326818,2023-07-13,False
427,427,5,Compra de Acessórios,4486.755952034498,2023-08-16,True
428,428,1,Compra de Eletrônicos,2901.553883356724,2023-01-28,True
429,429,5,Compra de Acessórios,3521.022290197774,2023-08-28,False
430,430,4,Estorno de Informática,-404.59205832834806,2023-12-12,True
431,431,1,Compra de Eletrônicos,2936.885299559278,2023-10-20,False
432,432,6,Estorno de Acessórios,-3527.2481058080066,2023-08-27,False
433,433,5,Compra de Acessórios,2887.3050464480207,2023-07-28,True
434,434,3,Compra de Informática,2741.7650857328954,2023-08-13,False
435,435,6,Estorno de Acessórios,-355.00038890865517,2023-07-22,True
436,436,4,Estorno de Informática,-3295.6263848557974,2023-12-20,True
437,437,3,Compra de Informática,848.4802037770587,2023-04-22,False
438,438,5,Compra de Acessórios,4604.3989920424965,2023-05-29,False
439,439,4,Estorno de Informática,-733.0737633808072,2023-01-09,True
440,440,3,Compra de Informática,1427.0309878671471,2023-03-30,False
441,441,3,Compra de Informática,3244.8217230276546,2023-08-08,False
442,442,3,Compra de Informática,1941.5128808366624,2023-10-28,False
443,443,3,Compra de Informática,2121.3912199583892,2023-05-26,True
444,444,5,Compra de Acessórios,1311.9862487606636,2023-10-13,True
445,445,1,Compra de Eletrônicos,3925.215866618751,2023-03-16,False
446,446,6,Estorno de Acessórios,-4812.2491225447575,2023-01-10,False
447,447,5,Compra de Acessórios,3700.4942713545306,2023-08-05,False
448,448,4,Estorno de Informática,-1477.464013739176,2023-06-21,False
449,449,4,Estorno de Informática,-2017.6081458769813,2023-07-12,True
450,450,2,Estorno de Eletrônicos,-3433.228676410681,2023-11-11,False
451,451,1,Compra de Eletrônicos,2354.083485145966,2023-01-18,True
452,452,3,Compra de Informática,2141.541426379141,2023-07-21,True
453,453,3,Compra de Informática,3955.474691489059,2023-12-02,True
454,454,3,Compra de Informática,963.651396101734,2023-07-20,True
455,455,2,Estorno de Eletrônicos,-1880.3300978264551,2023-07-20,True
456,456,5,Compra de Acessórios,2728.1109851762094,2023-03-09,False
457,457,5,Compra de Acessórios,1305.637119520786,2023-04-08,False
458,458,4,Estorno de Informática,-1385.1464334830541,2023-01-08,True
459,459,3,Compra de Informática,2051.0721109736896,2023-07-28,False
460,460,2,Estorno de Eletrônicos,-3782.4209102566456,2023-05-16,False
461,461,6,Estorno de Acessórios,-1580.1929329830823,2023-05-11,True
462,462,4,Estorno de Informática,-186.17029582869822,2023-12-12,True
463,463,6,Estorno de Acessórios,-1580.3377715232025,2023-06-20,True
464,464,4,Estorno de Informática,-4395.375319519671,2023-11-15,False
465,465,4,Estorno de Informática,-1700.577971191758,2023-03-19,True
466,466,3,Compra de Informática,3500.8308955115326,2023-11-05,True
467,467,2,Estorno de Eletrônicos,-4112.690538355282,2023-04-12,False
468,468,3,Compra de Informática,4597.3048087335255,2023-02-22,False
469,469,3,Compra de Informática,1223.9353930639513,2023-10-29,True
470,470,5,Compra de Acessórios,3105.8314225107606,2023-08-08,False
471,471,2,Estorno de Eletrônicos,-711.6281216020172,2023-08-05,True
472,472,6,Estorno de Acessórios,-1047.855737532877,2023-11-24,False
473,473,5,Compra de Acessórios,1821.5625397459207,2023-10-18,False
474,474,4,Estorno de Informática,-4889.2183605670425,2023-11-25,True
475,475,2,Estorno de Eletrônicos,-4035.56262132028,2023-09-15,True
476,476,3,Compra de Informática,1794.170422624006,2023-06-05,True
477,477,3,Compra de Informática,4846.959144928085,2023-04-21,True
478,478,1,Compra de Eletrônicos,3734.744355617084,2023-02-17,True
479,479,6,Estorno de Acessórios,-2316.336869460195,2023-04-15,False
480,480,6,Estorno de Acessórios,-4867.327709940805,2023-09-03,False
481,481,5,Compra de Acessórios,1835.4535106648677,2023-07-29,False
482,482,1,Compra de Eletrônicos,4379.201461048028,2023-12-12,False
483,483,5,Compra de Acessórios,4430.06781280309,2023-02-19,True
484,484,4,Estorno de Informática,-3226.006224649421,2023-11-27,True
485,485,2,Estorno de Eletrônicos,-3098.732313997812,2023-07-23,True
486,486,4,Estorno de Informática,-3676.705890806887,2023-05-14,False
487,487,6,Estorno de Acessórios,-4768.675110817753,2023-07-09,True
488,488,6,Estorno de Acessórios,-4599.245502910548,2023-09-16,False
489,489,3,Compra de Informática,4244.265185420572,2023-05-28,True
490,490,2,Estorno de Eletrônicos,-1154.0636898418743,2023-06-19,False
491,491,4,Estorno de Informática,-617.8417019779151,2023-09-18,True
492,492,3,Compra de Informática,2540.062669070741,2023-11-02,False
493,493,4,Estorno de Informática,-4311.81067899302,2023-03-05,True
494,494,1,Compra de Eletrônicos,3108.6581934889123,2023-11-23,False
495,495,3,Compra de Informática,1054.0563368961691,2023-12-25,False
496,496,1,Compra de Eletrônicos,4893.970542587547,2023-11-04,True
497,497,1,Compra de Eletrônicos,532.6347399802801,2023-02-25,False
498,498,3,Compra de Informática,3699.5632190992574,2023-02-19,True
499,499,1,Compra de Eletrônicos,1504.9378164563802,2023-01-08,True
500,500,6,Estorno de Acessórios,-3017.869588968884,2023-08-30,False
501,501,6,Estorno de Acessórios,-4062.0448272453696,2023-01-08,True
502,502,1,Compra de Eletrônicos,4984.794459515757,2023-04-06,True
503,503,6,Estorno de Acessórios,-3815.5258059515645,2023-05-28,True
504,504,2,Estorno de Eletrônicos,-3788.0896599870207,2023-01-30,True
505,505,6,Estorno de Acessórios,-2106.39498436137,2023-12-09,True
506,506,6,Estorno de Acessórios,-445.15110408179413,2023-03-18,True
507,507,4,Estorno de Informática,-2487.6299053529606,2023-08-13,True
508,508,6,Estorno de Acessórios,-2703.9458261492105,2023-03-25,False
509,509,5,Compra de Acessórios,1660.5971372396082,2023-06-10,True
510,510,1,Compra de Eletrônicos,4796.107687971496,2023-11-24,True
511,511,2,Estorno de Eletrônicos,-3775.892768441197,2023-12-02,True
512,512,3,Compra de Informática,2315.7161040307406,2023-12-21,False
513,513,3,Compra de Informática,2461.4304552835215,2023-03-02,True
514,514,4,Estorno de Informática,-2276.4438206335067,2023-04-18,False
515,515,3,Compra de Informática,3357.4697531788324,2023-01-23,True
516,516,3,Compra de Informática,1365.644500373511,2023-12-27,False
517,517,4,Estorno de Informática,-3294.5254248241954,2023-10-27,False
518,518,2,Estorno de Eletrônicos,-1791.896505507235,2023-12-13,True
519,519,3,Compra de Informática,1799.2517745670973,2023-04-21,True
520,520,6,Estorno de Acessórios,-990.4433603926391,2023-09-04,True
521,521,4,Estorno de Informática,-2704.3523998212027,2023-11-03,False
522,522,3,Compra de Informática,1810.5687762602577,2023-08-27,True
523,523,1,Compra de Eletrônicos,4603.394726743604,2023-06-19,True
524,524,4,Estorno de Informática,-2378.4989589309484,2023-01-31,True
525,525,1,Compra de Eletrônicos,4709.060873146823,2023-01-06,False
526,526,3,Compra de Informática,3307.9299749383767,2023-07-06,True
527,527,2,Estorno de Eletrônicos,-715.3263228276761,2023-09-20,True
528,528,6,Estorno de Acessórios,-3646.7612768589047,2023-03-20,False
529,529,4,Estorno de Informática,-2445.0609260173,2023-08-17,False
530,530,4,Estorno de Informática,-952.2352516405151,2023-01-09,True
531,531,3,Compra de Informática,1406.8095468178308,2023-11-08,True
532,532,5,Compra de Acessórios,136.80840517302465,2023-11-14,True
533,533,3,Compra de Informática,1671.239274074252,2023-11-16,False
534,534,3,Compra de Informática,3930.5442724861728,2023-10-08,False
535,535,1,Compra de Eletrônicos,4276.4962915562155,2023-07-11,True
536,536,6,Estorno de Acessórios,-3219.8850136563087,2023-08-22,True
537,537,4,Estorno de Informática,-2179.288444379849,2023-02-19,False
538,538,3,Compra de Informática,1221.6435482138872,2023-07-15,False
539,539,3,Compra de Informática,3280.4837883070627,2023-09-08,True
540,540,3,Compra de Informática,4455.74630723783,2023-04-14,True
541,541,4,Estorno de Informática,-2114.0027137390675,2023-12-09,False
542,542,1,Compra de Eletrônicos,4728.743008512537,2023-06-04,True
543,543,1,Compra de Eletrônicos,3303.5454900029526,2023-09-11,True
544,544,4,Estorno de Informática,-2732.042776442585,2023-10-26,True
545,545,3,Compra de Informática,2536.9810555068775,2023-12-07,False
546,546,5,Compra de Acessórios,633.323077611337,2023-12-29,True
547,547,4,Estorno de Informática,-4164.411830564999,2023-11-01,False
548,548,3,Compra de Informática,4951.030564510515,2023-11-21,False
549,549,6,Estorno de Acessórios,-2142.467645648589,2023-07-08,True
550,550,4,Estorno de Informática,-3800.808631594752,2023-10-03,True
551,551,4,Estorno de Informática,-4180.055249116023,2023-11-18,True
552,552,4,Estorno de Informática,-2554.711104968225,2023-12-16,False
553,553,3,Compra de Informática,2464.118202727959,2023-03-24,True
554,554,4,Estorno de Informática,-3812.8427587362867,2023-07-06,True
555,555,3,Compra de Informática,3984.3801122181976,2023-10-10,False
556,556,6,Estorno de Acessórios,-238.153416815416,2023-08-04,True
557,557,4,Estorno de Informática,-4218.047503169749,2023-04-19,False
558,558,4,Estorno de Informática,-546.2576787500593,2023-03-26,True
559,559,4,Estorno de Informática,-1407.817655053043,2023-11-02,True
560,560,4,Estorno de Informática,-3937.1533996395838,2023-02-08,False
561,561,1,Compra de Eletrônicos,2824.1030407762896,2023-09-21,True
562,562,3,Compra de Informática,2913.437250429625,2023-05-14,False
563,563,3,Compra de Informática,1866.0529877257388,2023-05-08,False
564,564,4,Estorno de Informática,-4063.7669951287953,2023-06-01,True
565,565,2,Estorno de Eletrônicos,-2281.8460228288923,2023-03-30,True
566,566,4,Estorno de Informática,-650.2685833423292,2023-07-11,False
567,567,4,Estorno de Informática,-2595.622932029958,2023-11-22,False
568,568,2,Estorno de Eletrônicos,-1712.942770891738,2023-03-12,False
569,569,5,Compra de Acessórios,4575.768908679762,2023-10-28,False
570,570,4,Estorno de Informática,-1743.4273600690601,2023-11-18,True
571,571,4,Estorno de Informática,-4683.059720817268,2023-08-19,True
572,572,4,Estorno de Informática,-1027.3894626586043,2023-09-11,True
573,573,3,Compra de Informática,3194.045347884366,2023-01-08,True
574,574,4,Estorno de Informática,-3207.4726955934284,2023-11-30,False
575,575,3,Compra de Informática,341.34805353295525,2023-09-12,False
576,576,4,Estorno de Informática,-4681.228165181237,2023-04-13,False
577,577,3,Compra de Informática,722.9516240568377,2023-08-07,True
578,578,2,Estorno de Eletrônicos,-2371.159524361964,2023-04-12,False
579,579,5,Compra de Acessórios,1358.1257498814618,2023-08-16,True
580,580,2,Estorno de Eletrônicos,-958.8400148711089,2023-11-30,True
581,581,5,Compra de Acessórios,4806.065959377464,2023-08-02,False
582,582,6,Estorno de Acessórios,-3443.17443761436,2023-11-21,True
583,583,6,Estorno de Acessórios,-4935.712614998167,2023-07-17,True
584,584,6,Estorno de Acessórios,-2854.2317928181556,2023-02-21,False
585,585,4,Estorno de Informática,-2736.7860397568757,2023-08-13,False
586,586,3,Compra de Informática,80.73995168787835,2023-11-16,True
587,587,6,Estorno de Acessórios,-1542.4289979527823,2023-05-15,True
588,588,1,Compra de Eletrônicos,3151.338310384748,2023-03-26,True
589,589,4,Estorno de Informática,-3015.7911450225097,2023-07-27,True
590,590,6,Estorno de Acessórios,-3254.21577189729,2023-03-03,True
591,591,1,Compra de Eletrônicos,2632.685886191807,2023-01-07,True
592,592,3,Compra de Informática,2781.857497748408,2023-01-27,True
593,593,4,Estorno de Informática,-4594.145204514393,2023-07-12,True
594,594,5,Compra de Acessórios,4186.774751704949,2023-07-04,False
595,595,2,Estorno de Eletrônicos,-1179.4876795192533,2023-04-11,True
596,596,3,Compra de Informática,1682.3977605367859,2023-06-19,False
597,597,3,Compra de Informática,995.3768311009457,2023-02-28,False
598,598,4,Estorno de Informática,-967.1860331895099,2023-01-15,False
599,599,6,Estorno de Acessórios,-2952.3144412776346,2023-04-27,False
600,600,5,Compra de Acessórios,3530.20236943059,2023-11-21,True
601,601,2,Estorno de Eletrônicos,-2695.284916447234,2023-10-10,False
602,602,3,Compra de Informática,424.36748835022354,2023-09-30,False
603,603,2,Estorno de Eletrônicos,-4754.635956255852,2023-02-27,False
604,604,4,Estorno de Informática,-4162.163520215715,2023-02-07,False
605,605,3,Compra de Informática,1968.1742170473449,2023-11-26,True
606,606,6,Estorno de Acessórios,-1328.6570674677032,2023-11-06,True
607,607,5,Compra de Acessórios,3143.0211451637424,2023-05-21,True
608,608,3,Compra de Informática,1887.7364556265397,2023-06-24,False
609,609,3,Compra de Informática,1901.345825158016,2023-05-01,True
610,610,3,Compra de Informática,1258.848072459345,2023-09-01,False
611,611,4,Estorno de Informática,-4314.235659481763,2023-10-25,False
612,612,3,Compra de Informática,416.87521684675505,2023-07-26,False
613,613,1,Compra de Eletrônicos,1038.357194343833,2023-01-26,True
614,614,2,Estorno de Eletrônicos,-3260.088817130533,2023-04-18,True
615,615,6,Estorno de Acessórios,-2262.7917487663112,2023-07-07,True
616,616,2,Estorno de Eletrônicos,-2417.087506693409,2023-03-10,False
617,617,3,Compra de Informática,1665.5029871853415,2023-06-24,False
618,618,1,Compra de Eletrônicos,2636.3690193803673,2023-01-07,True
619,619,6,Estorno de Acessórios,-3190.3567372244597,2023-10-10,False
620,620,2,Estorno de Eletrônicos,-624.6487176440061,2023-07-08,False
621,621,6,Estorno de Acessórios,-3148.181034575772,2023-05-13,True
622,622,3,Compra de Informática,2759.554681734656,2023-03-05,False
623,623,4,Estorno de Informática,-2096.429149221138,2023-06-22,True
624,624,3,Compra de Informática,3943.578782266763,2023-12-19,True
625,625,4,Estorno de Informática,-3072.193068246781,2023-03-06,True
626,626,6,Estorno de Acessórios,-3162.983904417837,2023-12-05,False
627,627,1,Compra de Eletrônicos,3286.292230781541,2023-09-01,False
628,628,5,Compra de Acessórios,1010.5062882136114,2023-12-09,True
629,629,6,Estorno de Acessórios,-137.05019543263842,2023-08-02,True
630,630,6,Estorno de Acessórios,-1736.1035955377915,2023-06-02,False
631,631,4,Estorno de Informática,-1147.316839388664,2023-01-15,True
632,632,4,Estorno de Informática,-3334.4455949115404,2023-09-21,False
633,633,3,Compra de Informática,4402.3989573095805,2023-07-05,True
634,634,2,Estorno de Eletrônicos,-3551.192353994654,2023-08-03,True
635,635,2,Estorno de Eletrônicos,-2956.2057413640837,2023-04-02,True
636,636,4,Estorno de Informática,-978.123817699015,2023-10-20,False
637,637,4,Estorno de Informática,-840.1564482919558,2023-07-29,False
638,638,3,Compra de Informática,1108.42165642011,2023-05-07,True
639,639,5,Compra de Acessórios,2582.123381361225,2023-03-22,True
640,640,4,Estorno de Informática,-3508.0504844517554,2023-09-05,False
641,641,6,Estorno de Acessórios,-4683.4304121712,2023-11-13,False
642,642,4,Estorno de Informática,-2270.5174269157146,2023-01-15,True
643,643,1,Compra de Eletrônicos,4774.350658766003,2023-08-27,False
644,644,3,Compra de Informática,2378.109066134487,2023-06-05,False
645,645,5,Compra de Acessórios,1634.9309071956166,2023-02-06,False
646,646,6,Estorno de Acessórios,-3286.9510608395,2023-10-27,False
647,647,5,Compra de Acessórios,409.1997154774873,2023-01-23,False
648,648,4,Estorno de Informática,-1562.109976254201,2023-10-07,True
649,649,6,Estorno de Acessórios,-2156.58741049283,2023-01-27,True
650,650,4,Estorno de Informática,-1081.2089062871066,2023-05-10,True
651,651,3,Compra de Informática,656.348059203117,2023-09-04,False
652,652,3,Compra de Informática,3414.517957940647,2023-05-14,True
653,653,4,Estorno de Informática,-3445.3890331304556,2023-06-13,True
654,654,6,Estorno de Acessórios,-4980.830758547703,2023-01-23,True
655,655,6,Estorno de Acessórios,-604.8601390748534,2023-06-01,False
656,656,3,Compra de Informática,3830.077662814303,2023-01-28,False
657,657,3,Compra de Informática,483.0111546920116,2023-01-07,False
658,658,4,Estorno de Informática,-3282.327455997531,2023-08-30,True
659,659,6,Estorno de Acessórios,-3369.0576566283066,2023-04-23,True
660,660,2,Estorno de Eletrônicos,-181.5807399298503,2023-12-20,False
661,661,3,Compra de Informática,3673.416448281061,2023-11-16,True
662,662,6,Estorno de Acessórios,-2778.797725171257,2023-08-24,True
663,663,6,Estorno de Acessórios,-1673.132414921948,2023-02-02,False
664,664,4,Estorno de Informática,-3845.6048215680566,2023-04-08,True
665,665,1,Compra de Eletrônicos,174.36523829661036,2023-07-01,True
666,666,2,Estorno de Eletrônicos,-3144.5146245065403,2023-04-03,False
667,667,6,Estorno de Acessórios,-1450.6026042963483,2023-03-02,True
668,668,3,Compra de Informática,1851.0252974414338,2023-06-30,True
669,669,5,Compra de Acessórios,335.7970051535891,2023-11-06,False
670,670,4,Estorno de Informática,-823.9702160670917,2023-12-25,True
671,671,1,Compra de Eletrônicos,3960.434883395637,2023-05-10,True
672,672,3,Compra de Informática,3920.2393343521844,2023-02-26,True
673,673,3,Compra de Informática,746.2251477633735,2023-05-24,False
674,674,5,Compra de Acessórios,2009.3383458494245,2023-06-25,True
675,675,4,Estorno de Informática,-3219.8612465341716,2023-10-26,False
676,676,3,Compra de Informática,3467.1389696062774,2023-05-04,True
677,677,6,Estorno de Acessórios,-1874.3885233212754,2023-12-30,False
678,678,3,Compra de Informática,3550.398756325296,2023-09-12,True
679,679,4,Estorno de Informática,-3924.2137804766517,2023-08-22,False
680,680,4,Estorno de Informática,-1922.0532144233155,2023-10-14,False
681,681,6,Estorno de Acessórios,-4442.860867723961,2023-11-04,True
682,682,6,Estorno de Acessórios,-3674.432772392891,2023-08-27,True
683,683,6,Estorno de Acessórios,-2669.171380896051,2023-03-11,True
684,684,3,Compra de Informática,4257.724976381076,2023-05-29,True
685,685,5,Compra de Acessórios,921.6466517796896,2023-02-09,True
686,686,5,Compra de Acessórios,533.169868079554,2023-10-11,True
687,687,1,Compra de Eletrônicos,2611.7240410303198,2023-06-28,True
688,688,3,Compra de Informática,290.0230452058029,2023-09-20,True
689,689,6,Estorno de Acessórios,-1011.7413304776545,2023-07-24,True
690,690,3,Compra de Informática,3061.127988696888,2023-04-21,False
691,691,4,Estorno de Informática,-749.1107473121928,2023-11-15,True
692,692,4,Estorno de Informática,-402.48899680254743,2023-10-03,False
693,693,4,Estorno de Informática,-1199.7845145404146,2023-06-26,False
694,694,5,Compra de Acessórios,431.3302378687302,2023-07-21,False
695,695,6,Estorno de Acessórios,-3902.9162338253464,2023-10-24,True
696,696,6,Estorno de Acessórios,-626.4940085631807,2023-08-09,True
697,697,3,Compra de Informática,1829.6504476557136,2023-07-23,True
698,698,4,Estorno de Informática,-4623.2257386162655,2023-08-27,False
699,699,5,Compra de Acessórios,3735.895072011105,2023-10-31,True
700,700,5,Compra de Acessórios,4051.653258875847,2023-05-11,True
701,701,3,Compra de Informática,4455.50776404285,2023-12-28,False
702,702,1,Compra de Eletrônicos,1004.4640629341847,2023-10-24,True
703,703,1,Compra de Eletrônicos,3287.161666524322,2023-01-30,True
704,704,4,Estorno de Informática,-1077.7822450995095,2023-07-07,True
705,705,3,Compra de Informática,554.3243662711186,2023-10-06,False
706,706,4,Estorno de Informática,-2690.7377015053466,2023-04-30,True
707,707,2,Estorno de Eletrônicos,-4248.711754148189,2023-03-23,True
708,708,4,Estorno de Informática,-657.0415647682847,2023-07-26,False
709,709,2,Estorno de Eletrônicos,-4634.022317402987,2023-08-18,True
710,710,5,Compra de Acessórios,4811.908773759382,2023-03-06,False
711,711,1,Compra de Eletrônicos,4846.558065893418,2023-04-07,False
712,712,6,Estorno de Acessórios,-626.7168240406459,2023-11-28,False
713,713,4,Estorno de Informática,-2880.014899938998,2023-01-05,True
714,714,3,Compra de Informática,3686.9941286805292,2023-02-02,True
715,715,6,Estorno de Acessórios,-999.9918849274455,2023-01-12,True
716,716,4,Estorno de Informática,-3732.1543541017927,2023-07-24,False
717,717,1,Compra de Eletrônicos,1231.4725900373112,2023-11-10,True
718,718,4,Estorno de Informática,-1880.9737622202617,2023-01-30,True
719,719,5,Compra de Acessórios,340.6433478078421,2023-09-07,False
720,720,2,Estorno de Eletrônicos,-913.9612399078547,2023-06-07,False
721,721,3,Compra de Informática,2413.0494892888214,2023-08-30,True
722,722,5,Compra de Acessórios,4611.2339313163575,2023-11-28,True
723,723,2,Estorno de Eletrônicos,-2782.410039885417,2023-01-07,False
724,724,3,Compra de Informática,4478.656071461354,2023-11-28,True
725,725,6,Estorno de Acessórios,-951.4982761896497,2023-01-02,False
726,726,3,Compra de Informática,913.9741879207892,2023-05-24,True
727,727,6,Estorno de Acessórios,-311.9028518456649,2023-12-20,True
728,728,5,Compra de Acessórios,743.4357967154035,2023-11-22,False
729,729,1,Compra de Eletrônicos,3659.0909352997064,2023-08-04,True
730,730,5,Compra de Acessórios,872.8349641987262,2023-06-04,False
731,731,3,Compra de Informática,126.73394022026748,2023-08-13,True
732,732,3,Compra de Informática,2323.1396645651303,2023-09-17,True
733,733,3,Compra de Informática,4573.525475331529,2023-04-19,True
734,734,3,Compra de Informática,1611.3006917499413,2023-07-28,False
735,735,1,Compra de Eletrônicos,1613.3076287248625,2023-09-17,True
736,736,3,Compra de Informática,3806.4229030591437,2023-08-17,True
737,737,6,Estorno de Acessórios,-313.54170570944024,2023-08-03,False
738,738,6,Estorno de Acessórios,-1256.3158400464797,2023-02-06,False
739,739,1,Compra de Eletrônicos,2891.9540489930864,2023-01-20,True
740,740,3,Compra de Informática,3854.4489186401534,2023-04-05,True
741,741,4,Estorno de Informática,-2593.616444215851,2023-12-07,True
742,742,1,Compra de Eletrônicos,624.9832194131092,2023-11-13,True
743,743,3,Compra de Informática,835.7567670259766,2023-12-06,False
744,744,2,Estorno de Eletrônicos,-2120.601544023991,2023-10-15,True
745,745,5,Compra de Acessórios,2419.964192763561,2023-06-06,True
746,746,6,Estorno de Acessórios,-2690.6994972898265,2023-08-19,False
747,747,2,Estorno de Eletrônicos,-427.2405647290492,2023-04-21,True
748,748,5,Compra de Acessórios,3076.7086116540445,2023-03-31,False
749,749,6,Estorno de Acessórios,-3128.973028753999,2023-09-12,False
750,750,5,Compra de Acessórios,4112.533534815639,2023-06-17,True
751,751,5,Compra de Acessórios,3387.238648386493,2023-09-29,False
752,752,2,Estorno de Eletrônicos,-1639.525576633357,2023-05-14,True
753,753,3,Compra de Informática,4147.599413594523,2023-10-25,False
754,754,3,Compra de Informática,2405.045555004561,2023-08-29,False
755,755,4,Estorno de Informática,-252.77956276069057,2023-03-17,True
756,756,3,Compra de Informática,4908.592896845109,2023-05-21,True
757,757,5,Compra de Acessórios,2624.4136160020294,2023-08-01,False
758,758,4,Estorno de Informática,-397.07052223256426,2023-10-06,True
759,759,1,Compra de Eletrônicos,4429.585229081838,2023-04-11,False
760,760,1,Compra de Eletrônicos,4883.990212706236,2023-01-17,False
761,761,5,Compra de Acessórios,4946.019547369439,2023-05-17,True
762,762,3,Compra de Informática,3894.678906914918,2023-12-10,True
763,763,3,Compra de Informática,723.5024672738804,2023-11-12,False
764,764,4,Estorno de Informática,-4705.620880637694,2023-10-19,False
765,765,5,Compra de Acessórios,4330.956527800817,2023-12-04,False
766,766,4,Estorno de Informática,-2162.1613404328705,2023-06-13,True
767,767,6,Estorno de Acessórios,-4990.88065569393,2023-12-28,True
768,768,3,Compra de Informática,488.5800050346362,2023-01-09,True
769,769,2,Estorno de Eletrônicos,-3647.5699660142627,2023-04-19,False
770,770,6,Estorno de Acessórios,-1484.1708288492443,2023-10-08,True
771,771,6,Estorno de Acessórios,-1585.5016238342348,2023-05-27,True
772,772,6,Estorno de Acessórios,-4125.479022773106,2023-12-07,False
773,773,3,Compra de Informática,3877.3584959547766,2023-12-02,False
774,774,3,Compra de Informática,3249.575601180546,2023-10-05,True
775,775,3,Compra de Informática,3361.1272618410917,2023-10-18,False
776,776,4,Estorno de Informática,-4621.517368685283,2023-08-16,True
777,777,1,Compra de Eletrônicos,1552.0093156298526,2023-03-13,False
778,778,5,Compra de Acessórios,181.0276648854187,2023-09-12,True
779,779,1,Compra de Eletrônicos,4404.03493174601,2024-01-01,False
780,780,3,Compra de Informática,2577.507403103618,2023-10-06,True
781,781,1,Compra de Eletrônicos,433.1052412399182,2023-11-01,True
782,782,6,Estorno de Acessórios,-328.79412393909064,2024-01-01,False
783,783,5,Compra de Acessórios,50.1144404589622,2023-02-28,False
784,784,4,Estorno de Informática,-2050.142895506286,2023-01-17,False
785,785,6,Estorno de Acessórios,-3015.069925606263,2023-08-23,True
786,786,5,Compra de Acessórios,2043.4495583693536,2023-06-03,True
787,787,6,Estorno de Acessórios,-1626.7368470897898,2023-08-22,False
788,788,4,Estorno de Informática,-580.6819408436363,2023-02-17,False
789,789,6,Estorno de Acessórios,-2406.5759410061105,2023-02-07,True
790,790,5,Compra de Acessórios,3045.131544382749,2023-05-06,False
791,791,6,Estorno de Acessórios,-395.7353031474204,2023-09-12,False
792,792,3,Compra de Informática,4000.7638204489535,2023-11-26,False
793,793,3,Compra de Informática,4072.8470990932337,2023-02-03,False
794,794,4,Estorno de Informática,-4383.832866515135,2023-01-04,True
795,795,5,Compra de Acessórios,1263.5521875531538,2023-02-05,False
796,796,1,Compra de Eletrônicos,4472.983717766537,2023-06-24,True
797,797,2,Estorno de Eletrônicos,-1308.2740586660154,2023-04-14,True
798,798,4,Estorno de Informática,-1105.6559437552767,2023-04-07,True
799,799,3,Compra de Informática,1691.850864704304,2023-01-01,False
800,800,4,Estorno de Informática,-4004.9414956706064,2023-06-27,True
801,801,4,Estorno de Informática,-3779.4737179892627,2023-02-12,True
802,802,3,Compra de Informática,1332.8823718463836,2023-11-23,False
803,803,5,Compra de Acessórios,904.7702989591107,2023-11-07,False
804,804,3,Compra de Informática,3038.176153930077,2023-01-28,False
805,805,3,Compra de Informática,3454.2962833417655,2023-12-21,False
806,806,1,Compra de Eletrônicos,4465.620729366572,2023-06-13,True
807,807,4,Estorno de Informática,-238.45248922283426,2023-05-27,True
808,808,3,Compra de Informática,4214.883193279165,2023-09-05,False
809,809,3,Compra de Informática,3137.3878901408593,2023-03-27,False
810,810,5,Compra de Acessórios,1527.923764893392,2023-02-07,False
811,811,2,Estorno de Eletrônicos,-3640.1970529768223,2023-03-30,True
812,812,5,Compra de Acessórios,536.7592747713456,2023-10-29,False
813,813,6,Estorno de Acessórios,-2788.9946273156593,2023-08-09,False
814,814,3,Compra de Informática,1324.5549440275029,2023-05-01,False
815,815,5,Compra de Acessórios,4372.960220158484,2023-09-01,True
816,816,4,Estorno de Informática,-2739.913937755626,2023-03-06,True
817,817,4,Estorno de Informática,-1823.4659795604425,2023-08-09,False
818,818,2,Estorno de Eletrônicos,-132.94526526725775,2024-01-01,False
819,819,5,Compra de Acessórios,3475.269309563012,2023-10-20,True
820,820,4,Estorno de Informática,-3351.4217924552368,2023-07-02,False
821,821,4,Estorno de Informática,-81.9272332529195,2023-08-24,False
822,822,5,Compra de Acessórios,1424.0192784731123,2023-06-22,False
823,823,4,Estorno de Informática,-3252.2367122244113,2023-04-06,True
824,824,2,Estorno de Eletrônicos,-1301.9875101510863,2023-10-04,True
825,825,3,Compra de Informática,1920.3183177885335,2023-01-30,True
826,826,5,Compra de Acessórios,1450.6810930970194,2023-11-09,True
827,827,4,Estorno de Informática,-2075.776650731663,2023-08-03,True
828,828,5,Compra de Acessórios,2080.349923507042,2023-02-16,False
829,829,5,Compra de Acessórios,3737.892352296525,2023-07-04,True
830,830,2,Estorno de Eletrônicos,-1558.1810914657387,2023-05-05,True
831,831,4,Estorno de Informática,-1170.197006514474,2023-03-12,False
832,832,4,Estorno de Informática,-4037.9699845216214,2023-10-12,False
833,833,6,Estorno de Acessórios,-2207.950639672413,2023-12-08,True
834,834,3,Compra de Informática,1703.38874438394,2023-05-23,False
835,835,4,Estorno de Informática,-1166.862703717694,2023-04-17,True
836,836,5,Compra de Acessórios,1101.0138641828328,2023-08-08,True
837,837,6,Estorno de Acessórios,-3321.4822487763017,2023-10-20,True
838,838,3,Compra de Informática,3209.7502291539513,2023-11-17,False
839,839,5,Compra de Acessórios,981.7604990419306,2023-09-04,True
840,840,3,Compra de Informática,2314.850299206682,2023-11-16,False
841,841,5,Compra de Acessórios,339.6578235264119,2023-06-05,False
842,842,4,Estorno de Informática,-3117.175114761296,2023-09-15,False
843,843,3,Compra de Informática,3055.877431309045,2023-05-28,True
844,844,5,Compra de Acessórios,4439.05472401336,2023-05-24,True
845,845,4,Estorno de Informática,-4403.091291030745,2023-08-10,False
846,846,6,Estorno de Acessórios,-2034.5809926178329,2023-06-27,False
847,847,5,Compra de Acessórios,1188.6595660232952,2023-06-24,True
848,848,2,Estorno de Eletrônicos,-1960.0630051680243,2023-05-23,True
849,849,2,Estorno de Eletrônicos,-4978.783625955261,2023-07-06,True
850,850,5,Compra de Acessórios,4251.037335262847,2023-07-22,False
851,851,4,Estorno de Informática,-554.0234922966913,2023-01-20,True
852,852,5,Compra de Acessórios,1230.3163972370837,2023-03-19,False
853,853,4,Estorno de Informática,-3365.2784760714435,2023-02-25,True
854,854,1,Compra de Eletrônicos,2580.787718777944,2023-11-04,True
855,855,4,Estorno de Informática,-1851.442307555738,2023-09-09,False
856,856,2,Estorno de Acessórios,-2685.294382586904,2023-08-08,True
857,857,6,Estorno de Acessórios,-4121.660187167916,2023-07-25,False
858,858,4,Estorno de Informática,-51.59631770132226,2023-04-08,False
859,859,6,Estorno de Acessórios,-417.49459872962984,2023-12-26,True
860,860,5,Compra de Acessórios,3323.5670212935875,2023-05-28,True
861,861,2,Estorno de Eletrônicos,-2807.986261979755,2023-01-01,False
862,862,4,Estorno de Informática,-1460.5754889540644,2023-09-29,False
863,863,5,Compra de Acessórios,1892.0304721314558,2023-07-27,False
864,864,3,Compra de Informática,2376.435614189401,2023-04-26,True
865,865,5,Compra de Acessórios,1090.581225854686,2023-01-03,True
866,866,5,Compra de Acessórios,875.7960402560029,2023-04-16,True
867,867,5,Compra de Acessórios,1708.1243106110087,2023-08-15,False
868,868,4,Estorno de Informática,-2733.770659040604,2023-12-02,True
869,869,3,Compra de Informática,1283.0205887342927,2023-01-03,False
870,870,5,Compra de Acessórios,820.4217580992623,2023-12-26,True
871,871,4,Estorno de Informática,-3317.5395063518677,2023-12-21,True
872,872,2,Estorno de Eletrônicos,-4702.810316880611,2023-03-04,False
873,873,6,Estorno de Acessórios,-1082.6271586039202,2023-11-28,False
874,874,2,Estorno de Eletrônicos,-3280.885783354635,2023-12-09,True
875,875,3,Compra de Informática,3125.8387136549527,2023-01-08,True
876,876,6,Estorno de Acessórios,-414.3774379552428,2023-09-21,True
877,877,3,Compra de Informática,3920.0588069246655,2023-11-08,False
878,878,5,Compra de Acessórios,3653.4592033075437,2023-05-04,False
879,879,3,Compra de Informática,994.8075855305531,2023-03-11,False
880,880,5,Compra de Acessórios,1051.9092216503177,2023-06-10,True
881,881,4,Estorno de Informática,-1468.1979379098739,2023-03-02,False
882,882,4,Estorno de Informática,-338.24309052328096,2023-10-20,False
883,883,4,Estorno de Informática,-1206.3019910875844,2023-11-15,True
884,884,6,Estorno de Acessórios,-4675.963856710011,2023-03-01,True
885,885,2,Estorno de Eletrônicos,-2320.4349742384447,2023-05-31,False
886,886,4,Estorno de Informática,-1036.7480959055947,2023-09-10,False
887,887,4,Estorno de Informática,-453.1935625462244,2023-01-26,True
888,888,3,Compra de Informática,2771.8932278412944,2023-05-21,False
889,889,4,Estorno de Informática,-4523.737463626961,2023-10-08,False
890,890,4,Estorno de Informática,-3138.068366771107,2023-05-19,False
891,891,3,Compra de Informática,2727.934471139997,2023-01-28,True
892,892,4,Estorno de Informática,-4015.798160005703,2023-04-18,True
893,893,6,Estorno de Acessórios,-4035.9136977462144,2023-12-13,False
894,894,4,Estorno de Informática,-1368.3017234796512,2023-10-12,True
895,895,5,Compra de Acessórios,224.6201085877895,2023-09-28,True
896,896,4,Estorno de Informática,-3088.7764441217337,2023-07-19,True
897,897,4,Estorno de Informática,-3995.8804431882704,2023-08-04,True
898,898,1,Compra de Eletrônicos,853.0563349201959,2023-08-28,True
899,899,3,Compra de Informática,601.3422610933939,2023-03-17,True
900,900,4,Estorno de Informática,-1800.9262029838942,2023-10-08,True
901,901,1,Compra de Eletrônicos,703.9220337907514,2023-02-25,False
902,902,3,Compra de Informática,3682.85866262312,2023-05-09,True
903,903,4,Estorno de Informática,-3671.266961475697,2023-02-19,True
904,904,4,Estorno de Informática,-4807.7899856935255,2023-11-30,True
905,905,3,Compra de Informática,2190.9204821668295,2023-06-30,False
906,906,4,Estorno de Informática,-3433.6551013190287,2023-10-07,False
907,907,2,Estorno de Eletrônicos,-896.971644774789,2023-05-24,False
908,908,3,Compra de Informática,2595.3923935162015,2023-01-30,True
909,909,6,Estorno de Acessórios,-470.39666930161746,2023-07-09,True
910,910,6,Estorno de Acessórios,-676.7467753716645,2023-05-09,True
911,911,4,Estorno de Informática,-4521.897931939244,2023-12-11,False
912,912,2,Estorno de Eletrônicos,-1516.4795036626676,2023-07-10,False
913,913,6,Estorno de Acessórios,-4600.208015855287,2023-06-05,False
914,914,6,Estorno de Acessórios,-1602.7521751845866,2023-06-08,False
915,915,3,Compra de Informática,3670.4835354987977,2023-02-02,False
916,916,4,Estorno de Informática,-4954.274381899044,2023-05-18,False
917,917,6,Estorno de Acessórios,-3390.9181390303006,2023-10-30,False
918,918,5,Compra de Acessórios,4298.428813335282,2023-09-19,True
919,919,6,Estorno de Acessórios,-2537.5573332368963,2023-02-25,False
920,920,5,Compra de Acessórios,3946.9313239421763,2023-02-07,True
921,921,4,Estorno de Informática,-4654.329665939758,2023-12-12,False
922,922,6,Estorno de Acessórios,-4262.233942888896,2023-03-20,True
923,923,6,Estorno de Acessórios,-426.43790843302526,2023-11-07,True
924,924,2,Estorno de Eletrônicos,-1051.7224784596606,2023-11-14,True
925,925,5,Compra de Acessórios,3875.686290464884,2023-02-21,True
926,926,5,Compra de Acessórios,4504.802006820771,2023-05-17,True
927,927,3,Compra de Informática,2324.1103743909052,2023-06-18,False
928,928,5,Compra de Acessórios,2494.777980631582,2023-06-14,True
929,929,2,Estorno de Eletrônicos,-3779.451076604875,2023-11-18,True
930,930,5,Compra de Acessórios,3715.6011288349105,2023-01-17,True
931,931,5,Compra de Acessórios,3795.5522787179407,2023-03-22,True
932,932,3,Compra de Informática,1767.8534805320473,2023-02-13,True
933,933,4,Estorno de Informática,-3292.6111015349275,2023-09-13,True
934,934,3,Compra de Informática,2949.501829481485,2023-12-05,False
935,935,6,Estorno de Acessórios,-52.214720029684344,2023-04-08,True
936,936,1,Compra de Eletrônicos,2203.936428725268,2023-09-16,False
937,937,4,Estorno de Informática,-4436.212388706922,2023-07-03,False
938,938,6,Estorno de Acessórios,-3374.636369793271,2023-10-28,False
939,939,5,Compra de Acessórios,3998.8546554680897,2023-05-21,False
940,940,1,Compra de Eletrônicos,3701.5045187675114,2023-12-21,True
941,941,4,Estorno de Informática,-4627.529770021848,2023-11-10,False
942,942,3,Compra de Informática,4363.022789691971,2023-04-17,True
943,943,3,Compra de Informática,4235.932154175805,2023-05-23,True
944,944,6,Estorno de Acessórios,-1528.460022082786,2023-01-12,True
945,945,6,Estorno de Acessórios,-518.8432580916353,2023-01-26,True
946,946,6,Estorno de Acessórios,-3688.7071014663366,2023-01-16,True
947,947,4,Estorno de Informática,-4850.150588985678,2023-04-20,False
948,948,4,Estorno de Informática,-4720.13825831102,2023-01-07,True
949,949,4,Estorno de Informática,-1845.6532507578597,2023-08-15,True
950,950,1,Compra de Eletrônicos,1006.5180198393097,2023-03-29,True
951,951,1,Compra de Eletrônicos,2193.7897949165445,2023-12-15,True
952,952,5,Compra de Acessórios,4210.44718356811,2024-01-01,True
953,953,2,Estorno de Eletrônicos,-4138.535668079673,2023-12-06,False
954,954,5,Compra de Acessórios,3321.929500974007,2023-02-01,True
955,955,5,Compra de Acessórios,1042.0332810258399,2023-05-26,False
956,956,4,Estorno de Informática,-979.4482938196331,2023-11-13,True
957,957,4,Estorno de Informática,-3034.887354781304,2023-08-06,False
958,958,3,Compra de Informática,416.0927591110427,2023-03-16,True
959,959,5,Compra de Acessórios,3397.1864182191966,2023-12-21,False
960,960,3,Compra de Informática,513.3110298573415,2023-07-01,False
961,961,4,Estorno de Informática,-1678.834940540115,2023-12-03,False
962,962,5,Compra de Acessórios,1964.6937471222411,2023-10-08,False
963,963,6,Estorno de Acessórios,-3370.621249707178,2023-12-27,False
964,964,3,Compra de Informática,4553.504599768953,2023-06-11,False
965,965,6,Estorno de Acessórios,-3366.2363374171887,2023-06-21,False
966,966,4,Estorno de Informática,-4472.153502829484,2023-02-22,False
967,967,5,Compra de Acessórios,274.5703325625184,2023-05-21,False
968,968,3,Compra de Informática,1383.6269983192767,2023-09-17,False
969,969,1,Compra de Eletrônicos,197.38107983621265,2023-04-09,False
970,970,4,Estorno de Informática,-3957.0196811337896,2023-05-19,False
971,971,6,Estorno de Acessórios,-3062.9690437019435,2023-06-10,True
972,972,1,Compra de Eletrônicos,4467.862232459183,2023-07-07,True
973,973,5,Compra de Acessórios,2381.784638805475,2023-02-26,False
974,974,4,Estorno de Informática,-4120.098157541463,2023-08-03,False
975,975,6,Estorno de Acessórios,-2388.1963089513256,2023-08-26,False
976,976,6,Estorno de Acessórios,-3732.70514634927,2023-10-05,False
977,977,5,Compra de Acessórios,2902.458238462399,2023-05-02,False
978,978,4,Estorno de Informática,-174.33047722875602,2023-05-20,True
979,979,3,Compra de Informática,2610.040845558167,2023-01-19,True
980,980,2,Estorno de Eletrônicos,-1280.5417114394588,2023-10-16,True
981,981,3,Compra de Informática,3990.375160667679,2023-09-20,True
982,982,6,Estorno de Acessórios,-1775.8909436971794,2023-08-19,False
983,983,4,Estorno de Informática,-80.08890340062457,2023-06-29,False
984,984,4,Estorno de Informática,-4083.101154985747,2023-04-24,False
985,985,5,Compra de Acessórios,3819.038810397367,2023-07-30,False
986,986,4,Estorno de Informática,-4921.641192608685,2023-10-03,False
987,987,5,Compra de Acessórios,109.70842044742145,2023-09-30,True
988,988,1,Compra de Eletrônicos,3092.60922322803,2023-09-19,False
989,989,6,Estorno de Acessórios,-245.79792137787064,2023-02-16,True
990,990,3,Compra de Informática,4103.096116597348,2023-12-28,False
991,991,5,Compra de Acessórios,3628.6372670332594,2023-04-22,True
992,992,4,Estorno de Informática,-3046.0216243932828,2023-01-25,True
993,993,6,Estorno de Acessórios,-4577.784461914671,2023-01-20,True
994,994,4,Estorno de Informática,-4368.380818195422,2023-10-31,False
995,995,5,Compra de Acessórios,3635.644611030156,2023-06-14,True
996,996,4,Estorno de Informática,-4648.229646992908,2023-07-26,False
997,997,5,Compra de Acessórios,3693.512346064401,2023-05-03,True
998,998,5,Compra de Acessórios,2014.746965121676,2023-08-24,True
999,999,4,Estorno de Informática,-459.63995001449405,2023-09-27,True
1000,1000,5,Compra de Acessórios,4010.000809670209,2023-05-17,False
